{"r2_score": -0.06318082788671009, "rmse": 0.5121475197315839, "mae": 0.26229508196721313, "accuracy": 0.7377049180327869}